그룹,영문이름,한국이름,생년월일,출생연도,키(cm),소속사,데뷔일,성별,photo_url
BTS,RM,RM (김남준),1994-09-12,1994,181,HYBE,2013-06-13,남,https://upload.wikimedia.org/wikipedia/commons/thumb/5/56/RM_at_W_Korea_Love_Your_W%2C_November_2023.jpg/500px-RM_at_W_Korea_Love_Your_W%2C_November_2023.jpg
BTS,Jin,진 (김석진),1992-12-04,1992,179,HYBE,2013-06-13,남,https://upload.wikimedia.org/wikipedia/commons/thumb/4/4b/BTS_Jin_at_Maison_Fred%2C_13_March_2025_04.png/500px-BTS_Jin_at_Maison_Fred%2C_13_March_2025_04.png
BTS,Suga,슈가 (민윤기),1993-03-09,1993,174,HYBE,2013-06-13,남,https://upload.wikimedia.org/wikipedia/commons/thumb/e/ea/Suga_for_Valentino_and_Marie_Claire_Korea_06.jpg/500px-Suga_for_Valentino_and_Marie_Claire_Korea_06.jpg
BTS,J-Hope,제이홉 (정호석),1994-02-18,1994,177,HYBE,2013-06-13,남,https://upload.wikimedia.org/wikipedia/commons/thumb/5/57/J-Hope_at_W_Korea_Breast_Cancer_Campaign%2C_15_October_2025.png/500px-J-Hope_at_W_Korea_Breast_Cancer_Campaign%2C_15_October_2025.png
BTS,Jimin,지민 (박지민),1995-10-13,1995,174,HYBE,2013-06-13,남,https://upload.wikimedia.org/wikipedia/commons/3/33/Jimin_on_the_way_to_SBS_Radio%2C_31_March_2023_%282%29.jpg
BTS,V,뷔 (김태형),1995-12-30,1995,179,HYBE,2013-06-13,남,https://upload.wikimedia.org/wikipedia/commons/3/33/1117_V_%28BTS%29_Dispatch_Photo_Shoot_LA_%284%29.png
BTS,Jungkook,정국 (전정국),1997-09-01,1997,178,HYBE,2013-06-13,남,https://upload.wikimedia.org/wikipedia/commons/thumb/8/80/BTS_Jung_Kook_and_Jimin_military_discharge%2C_11_June_2025.png/500px-BTS_Jung_Kook_and_Jimin_military_discharge%2C_11_June_2025.png
aespa,Karina,카리나 (유지민),2000-04-11,2000,168,SM Entertainment,2020-11-17,여,https://up.kpop.re/net/5b/8a7f99bbbb949519620a5fe28a394db322d026.jpg
aespa,Giselle,지젤 (닝이탁),2000-10-30,2000,168,SM Entertainment,2020-11-17,여,https://upload.wikimedia.org/wikipedia/commons/thumb/6/67/Giselle_at_Incheon_Airport_on_March_4%2C_2026.jpg/500px-Giselle_at_Incheon_Airport_on_March_4%2C_2026.jpg
aespa,Winter,윈터 (김민정),2001-01-01,2001,163,SM Entertainment,2020-11-17,여,https://upload.wikimedia.org/wikipedia/commons/thumb/2/27/WINTER_%28%EC%9C%88%ED%84%B0%29_%E2%80%93_POLO_RALPH_LAUREN_%E2%80%93_2025.03.26_%E2%80%93_P1.jpg/500px-WINTER_%28%EC%9C%88%ED%84%B0%29_%E2%80%93_POLO_RALPH_LAUREN_%E2%80%93_2025.03.26_%E2%80%93_P1.jpg
aespa,Ningning,닝닝 (닝이탁),2002-10-23,2002,163,SM Entertainment,2020-11-17,여,https://up.kpop.re/net/51/7c5c87d77103782cee3b44c1d9e4a5afc0e6e0.jpg
NewJeans,Minji,민지,2004-05-07,2004,171,ADOR (HYBE),2022-08-01,여,https://up.kpop.re/net/fc/c56dac39508b646a8485b1511c3604788eaa17.jpg
NewJeans,Hanni,하니 (Pham Ngoc Han),2004-10-06,2004,163,ADOR (HYBE),2022-08-01,여,https://up.kpop.re/net/01/ca009f54d7488acf309bae7865c81d1e67b0a2.jpg
NewJeans,Danielle,다니엘 (Mo Jihye),2005-04-11,2005,167,ADOR (HYBE),2022-08-01,여,https://up.kpop.re/net/20/13b8c2ae3eb4855a24e4e56b1d97fc118f9404.jpg
NewJeans,Haerin,해린 (강해린),2006-05-15,2006,163,ADOR (HYBE),2022-08-01,여,https://up.kpop.re/net/f1/cde8a0051bc222ff949fd876a4f26afd7a7ee3.jpg
NewJeans,Hyein,혜인 (이혜인),2008-04-21,2008,163,ADOR (HYBE),2022-08-01,여,https://up.kpop.re/net/af/08799370cd2255d89e694010b1f06aeab27d3d.jpg
IVE,Gaeul,가을 (김가을),2002-09-24,2002,167,Starship Entertainment,2021-12-01,여,https://up.kpop.re/net/07/580273c3b5297b4bb871800d4bbaec255cc928.jpg
IVE,Yujin,유진 (안유진),2003-09-01,2003,170,Starship Entertainment,2021-12-01,여,https://up.kpop.re/net/e1/04d90b77c70af3540c8ef283ffda62d0a4d7a1.jpg
IVE,Rei,레이 (나카무라 레이),2004-02-03,2004,170,Starship Entertainment,2021-12-01,여,https://up.kpop.re/net/1c/8b70cee24646a63728030d4cabed180332358c.jpg
IVE,Wonyoung,원영 (장원영),2004-08-31,2004,173,Starship Entertainment,2021-12-01,여,https://upload.wikimedia.org/wikipedia/commons/thumb/0/07/Jang_Won-young_at_the_Bulgari_Eclettica_event_in_Seoul%2C_May_12%2C_2026_%281%29.png/500px-Jang_Won-young_at_the_Bulgari_Eclettica_event_in_Seoul%2C_May_12%2C_2026_%281%29.png
IVE,Liz,리즈 (김지원),2004-11-21,2004,164,Starship Entertainment,2021-12-01,여,https://up.kpop.re/net/c2/f89f34035e45194e11914a0c8da9720a6b8c53.jpg
IVE,Leeseo,리서 (이서),2007-02-21,2007,163,Starship Entertainment,2021-12-01,여,https://up.kpop.re/net/f5/21fa14348d02c4eea5fa1ef03e3c8f1926e469.jpg
LE SSERAFIM,Sakura,사쿠라 (미야와키 사쿠라),1998-03-19,1998,163,HYBE Labels Japan,2022-05-02,여,https://up.kpop.re/net/d0/9baf4f715a22646261fe1de4d6061e911c7b05.jpg
LE SSERAFIM,Chaewon,채원 (김채원),2000-08-08,2000,163,HYBE Labels Japan,2022-05-02,여,https://up.kpop.re/net/fa/8c60276db3d21f0a61f033bb81ab2e3bd55d78.jpg
LE SSERAFIM,Yunjin,윤진 (허윤진),2001-10-08,2001,168,HYBE Labels Japan,2022-05-02,여,https://upload.wikimedia.org/wikipedia/commons/thumb/5/52/Drachenrobe-Qianlong.JPG/500px-Drachenrobe-Qianlong.JPG
LE SSERAFIM,Kazuha,카즈하 (오구리 카즈하),2003-08-09,2003,171,HYBE Labels Japan,2022-05-02,여,https://up.kpop.re/net/60/54cae02f80747e633106a517f86a448db6e2b2.jpg
LE SSERAFIM,Eunchae,은채 (홍은채),2006-11-10,2006,163,HYBE Labels Japan,2022-05-02,여,https://up.kpop.re/net/b3/d9a9cd20e5c3927e1d07a91ffad6f5075e24e1.jpg
BLACKPINK,Jisoo,지수 (김지수),1995-01-03,1995,162,YG Entertainment,2016-08-08,여,https://up.kpop.re/net/23/bbc455935ed53ec285f5804eb38655b0b696eb.jpg
BLACKPINK,Jennie,제니 (김제니),1996-01-16,1996,163,YG Entertainment,2016-08-08,여,https://up.kpop.re/net/12/9ddb22242176d848540b544c0638086a6ff032.jpg
BLACKPINK,Rosé,로제 (박채영),1997-02-11,1997,168,YG Entertainment,2016-08-08,여,https://upload.wikimedia.org/wikipedia/commons/thumb/f/f8/Ros%C3%A9_wine_-_July_2023_-_Sarah_Stierch_01-cropped.jpg/500px-Ros%C3%A9_wine_-_July_2023_-_Sarah_Stierch_01-cropped.jpg
BLACKPINK,Lisa,리사 (Lalisa Manoban),1997-03-27,1997,167,YG Entertainment,2016-08-08,여,https://up.kpop.re/net/78/b07dfb5c9fad7d3228248f3b4df7cc06f371b3.jpg
Stray Kids,Bang Chan,방찬 (크리스토퍼 방),1997-10-03,1997,171,JYP Entertainment,2018-03-25,남,https://upload.wikimedia.org/wikipedia/commons/thumb/a/ab/190106_Stray_Kids_%E6%96%B9%E7%87%A6.png/500px-190106_Stray_Kids_%E6%96%B9%E7%87%A6.png
Stray Kids,Lee Know,리노 (이민호),1998-10-25,1998,171,JYP Entertainment,2018-03-25,남,https://upload.wikimedia.org/wikipedia/commons/thumb/e/e3/Lee_Know_at_the_Incheon_Airport%2C_February_25%2C_2026_%284%29.png/500px-Lee_Know_at_the_Incheon_Airport%2C_February_25%2C_2026_%284%29.png
Stray Kids,Changbin,창빈 (서창빈),1999-08-11,1999,169,JYP Entertainment,2018-03-25,남,https://upload.wikimedia.org/wikipedia/commons/thumb/d/d9/Changbin_of_Stray_Kids_at_the_40th_Golden_Disc_Awards%2C_January_10%2C_2026_%281%29.png/500px-Changbin_of_Stray_Kids_at_the_40th_Golden_Disc_Awards%2C_January_10%2C_2026_%281%29.png
Stray Kids,Hyunjin,현진 (황현진),2000-03-20,2000,179,JYP Entertainment,2018-03-25,남,https://up.kpop.re/net/03/e16b1f10a351ebb4714b76885e8dc847c2a7d3.jpg
Stray Kids,Han,한 (한지성),2000-09-14,2000,170,JYP Entertainment,2018-03-25,남,https://upload.wikimedia.org/wikipedia/commons/thumb/b/b0/Stray_Kids%27_Han_Signature.png/500px-Stray_Kids%27_Han_Signature.png
Stray Kids,Felix,필릭스 (이필릭스),2000-09-15,2000,174,JYP Entertainment,2018-03-25,남,https://upload.wikimedia.org/wikipedia/commons/thumb/6/68/Felix_of_Stray_Kids_at_a_Bulgari_Event%2C_June_28%2C_2023.png/500px-Felix_of_Stray_Kids_at_a_Bulgari_Event%2C_June_28%2C_2023.png
Stray Kids,Seungmin,승민 (김승민),2000-09-22,2000,177,JYP Entertainment,2018-03-25,남,https://up.kpop.re/net/1c/ea8a2f1214e264c60a6971017cad35140800eb.jpg
Stray Kids,I.N,아이엔 (양정인),2001-02-08,2001,175,JYP Entertainment,2018-03-25,남,https://upload.wikimedia.org/wikipedia/commons/thumb/a/a0/200117_I.N_in_Pop_Quiz_by_Marie_Claire_Korea.jpg/500px-200117_I.N_in_Pop_Quiz_by_Marie_Claire_Korea.jpg
TWICE,Nayeon,나연 (임나연),1995-09-22,1995,163,JYP Entertainment,2015-10-20,여,https://up.kpop.re/net/4f/973e5d05a9aa5de7e52a14eb2238a502cd426a.jpg
TWICE,Jeongyeon,정연 (유정연),1996-09-01,1996,168,JYP Entertainment,2015-10-20,여,https://up.kpop.re/net/3b/fbed66db41d54bd440a702515299d037f584c2.jpg
TWICE,Momo,모모 (히라이 모모),1996-11-09,1996,163,JYP Entertainment,2015-10-20,여,https://up.kpop.re/net/92/a08e04d13482f88dce3ab9ff1de2d9779ebe19.jpg
TWICE,Sana,사나 (미나토자키 사나),1996-12-29,1996,163,JYP Entertainment,2015-10-20,여,https://up.kpop.re/net/b5/bc85564d26c3a63e304486577166258758b606.jpg
TWICE,Jihyo,지효 (박지효),1997-02-01,1997,163,JYP Entertainment,2015-10-20,여,https://up.kpop.re/net/fe/c05e39588456b61ce6415b6eab86b5012bfdf7.jpg
TWICE,Mina,미나 (묘이 미나),1997-03-24,1997,163,JYP Entertainment,2015-10-20,여,https://up.kpop.re/net/1b/55c2c99f08dfc1fa787ce436a8c8989a9ea338.jpg
TWICE,Dahyun,다현 (김다현),1998-05-28,1998,163,JYP Entertainment,2015-10-20,여,https://up.kpop.re/net/3c/5e376eda582f42e0809edbfd7adb0776ed54fc.jpg
TWICE,Chaeyoung,채영 (손채영),1999-04-23,1999,159,JYP Entertainment,2015-10-20,여,https://up.kpop.re/net/13/2c834ab708c324295ddda6963a496fd14149d0.jpg
TWICE,Tzuyu,쯔위 (저우쯔위),1999-06-14,1999,170,JYP Entertainment,2015-10-20,여,https://up.kpop.re/net/1b/ba8fa6cb867ba319cdb2bab383eb08381c942d.jpg
EXO,Suho,수호 (김준면),1991-05-22,1991,173,SM Entertainment,2012-04-08,남,https://upload.wikimedia.org/wikipedia/commons/thumb/c/ca/Suho_at_24th_Busan_Internation_Film_Festival_red_carpet_on_October_3%2C_2019.png/500px-Suho_at_24th_Busan_Internation_Film_Festival_red_carpet_on_October_3%2C_2019.png
EXO,Xiumin,시우민 (김민석),1990-03-26,1990,173,SM Entertainment,2012-04-08,남,
EXO,Lay,레이 (장이씽),1991-10-07,1991,177,SM Entertainment,2012-04-08,남,https://upload.wikimedia.org/wikipedia/commons/thumb/c/cc/Lay_at_Busan_International_Film_Festival_Opening_Ceremony_on_October_4%2C_2018_%281%29.png/500px-Lay_at_Busan_International_Film_Festival_Opening_Ceremony_on_October_4%2C_2018_%281%29.png
EXO,Baekhyun,백현 (변백현),1992-05-06,1992,174,SM Entertainment,2012-04-08,남,
EXO,Chen,첸 (김종대),1992-09-21,1992,173,SM Entertainment,2012-04-08,남,https://upload.wikimedia.org/wikipedia/commons/thumb/f/ff/Chen_at_busking_event_in_Seoul_on_August_31%2C_2019.png/500px-Chen_at_busking_event_in_Seoul_on_August_31%2C_2019.png
EXO,Chanyeol,찬열 (박찬열),1992-11-27,1992,185,SM Entertainment,2012-04-08,남,
EXO,D.O.,디오 (도경수),1993-01-12,1993,173,SM Entertainment,2012-04-08,남,https://upload.wikimedia.org/wikipedia/commons/a/a3/%22Secret_-_Untold_Melody%22_showcase_on_10_January_2025_01_%28Doh_Kyung-soo_cropped%29.png
EXO,Kai,카이 (김종인),1994-01-14,1994,182,SM Entertainment,2012-04-08,남,
EXO,Sehun,세훈 (오세훈),1994-04-12,1994,183,SM Entertainment,2012-04-08,남,https://upload.wikimedia.org/wikipedia/commons/thumb/4/46/Oh_Se-hun_at_Rimowa_Essential_Poly_Color_Collection_Launch_on_July_5%2C_2019.png/500px-Oh_Se-hun_at_Rimowa_Essential_Poly_Color_Collection_Launch_on_July_5%2C_2019.png
SEVENTEEN,S.Coups,에스쿱스 (최승철),1995-08-08,1995,179,PLEDIS (HYBE),2015-05-26,남,https://upload.wikimedia.org/wikipedia/commons/thumb/a/a6/Glasto24_28_300624_%2872_of_545%29_%2853838093145%29_%28cropped%29.jpg/500px-Glasto24_28_300624_%2872_of_545%29_%2853838093145%29_%28cropped%29.jpg
SEVENTEEN,Jeonghan,정한 (윤정한),1995-10-04,1995,180,PLEDIS (HYBE),2015-05-26,남,https://upload.wikimedia.org/wikipedia/commons/thumb/f/f7/Jeonghan_Banila.png/500px-Jeonghan_Banila.png
SEVENTEEN,Joshua,조슈아 (홍지수),1995-12-30,1995,179,PLEDIS (HYBE),2015-05-26,남,https://upload.wikimedia.org/wikipedia/commons/thumb/6/6d/Joshua_240612.png/500px-Joshua_240612.png
SEVENTEEN,Jun,준 (문준휘),1996-06-10,1996,180,PLEDIS (HYBE),2015-05-26,남,https://upload.wikimedia.org/wikipedia/commons/b/b1/Wen_Junhui_at_Unesco_Youth_Forum_231118.png
SEVENTEEN,Hoshi,호시 (권순영),1996-06-15,1996,177,PLEDIS (HYBE),2015-05-26,남,https://upload.wikimedia.org/wikipedia/commons/d/d7/Hoshi_Signature.jpg
SEVENTEEN,Wonwoo,원우 (전원우),1996-07-17,1996,183,PLEDIS (HYBE),2015-05-26,남,
SEVENTEEN,Woozi,우지 (이지훈),1996-11-22,1996,165,PLEDIS (HYBE),2015-05-26,남,https://upload.wikimedia.org/wikipedia/commons/thumb/f/f0/Glasto24_28_300624_%2841_of_545%29_%2853837907513%29_%28cropped%29.jpg/500px-Glasto24_28_300624_%2841_of_545%29_%2853837907513%29_%28cropped%29.jpg
SEVENTEEN,DK,도겸 (이석민),1997-02-18,1997,180,PLEDIS (HYBE),2015-05-26,남,https://upload.wikimedia.org/wikipedia/commons/thumb/4/44/DK_230708.jpg/500px-DK_230708.jpg
SEVENTEEN,Mingyu,민규 (김민규),1997-04-06,1997,185,PLEDIS (HYBE),2015-05-26,남,
SEVENTEEN,The8,디에잇 (서명호),1997-11-07,1997,177,PLEDIS (HYBE),2015-05-26,남,https://upload.wikimedia.org/wikipedia/commons/f/fe/The8_231118.png
SEVENTEEN,Seungkwan,승관 (최승관),1998-01-16,1998,176,PLEDIS (HYBE),2015-05-26,남,https://upload.wikimedia.org/wikipedia/commons/thumb/5/5b/Seungkwan_Caratland_2025.jpg/500px-Seungkwan_Caratland_2025.jpg
SEVENTEEN,Vernon,버논 (최한솔),1998-02-18,1998,180,PLEDIS (HYBE),2015-05-26,남,
SEVENTEEN,Dino,디노 (이찬),1999-02-11,1999,177,PLEDIS (HYBE),2015-05-26,남,
(G)I-DLE,Miyeon,미연 (전미연),1997-01-26,1997,163,Cube Entertainment,2018-05-02,여,https://upload.wikimedia.org/wikipedia/commons/thumb/3/35/Miyeon_at_Incheon_Airport_on_25022026_%288%29.png/500px-Miyeon_at_Incheon_Airport_on_25022026_%288%29.png
(G)I-DLE,Minnie,미니 (Nicha Yontararak),1997-10-23,1997,166,Cube Entertainment,2018-05-02,여,https://up.kpop.re/net/29/927275d731681c1e87a46de42bd2c93048b0fe.jpg
(G)I-DLE,Soojin,수진 (서수진),1998-03-09,1998,168,Cube Entertainment,2018-05-02,여,https://upload.wikimedia.org/wikipedia/commons/8/85/200108_Soojin_%28%EC%88%98%EC%A7%84%29_at_Gaon_Chart_Music_Awards.png
(G)I-DLE,Soyeon,소연 (전소연),1998-08-26,1998,163,Cube Entertainment,2018-05-02,여,https://up.kpop.re/net/54/69f17af4be26cd6b45211adf086b1ac0aeaa45.jpg
(G)I-DLE,Yuqi,우기 (송우기),1999-09-23,1999,163,Cube Entertainment,2018-05-02,여,https://upload.wikimedia.org/wikipedia/commons/thumb/f/fa/20230630_Song_Yu-qi.jpg/500px-20230630_Song_Yu-qi.jpg
(G)I-DLE,Shuhua,슈화 (예슈화),2000-01-06,2000,170,Cube Entertainment,2018-05-02,여,https://upload.wikimedia.org/wikipedia/commons/thumb/9/9f/%28G%29I-DLE%27s_Shuhua_on_June_2023_01_%28cropped%29.jpg/500px-%28G%29I-DLE%27s_Shuhua_on_June_2023_01_%28cropped%29.jpg
ITZY,Yeji,예지 (황예지),2000-05-26,2000,165,JYP Entertainment,2019-02-12,여,https://upload.wikimedia.org/wikipedia/commons/thumb/3/31/251110_Hwang_Yeji_from_ITZY.png/500px-251110_Hwang_Yeji_from_ITZY.png
ITZY,Lia,리아 (최지수),2000-07-21,2000,163,JYP Entertainment,2019-02-12,여,https://up.kpop.re/net/d2/ed958486e9f168c43e3f972c0e481bb712c39e.jpg
ITZY,Ryujin,류진 (신류진),2001-04-17,2001,167,JYP Entertainment,2019-02-12,여,https://up.kpop.re/net/29/52d2a29234d300c6c8c21accdb73e9095ee779.jpg
ITZY,Chaeryeong,채령 (이채령),2001-06-05,2001,168,JYP Entertainment,2019-02-12,여,https://up.kpop.re/net/f4/18f2787c1476806664defa4933ea3e9d70d8fd.jpg
ITZY,Yuna,유나 (신유나),2003-12-09,2003,170,JYP Entertainment,2019-02-12,여,https://up.kpop.re/net/3b/833b0d2d049613ae2be13634ef6e8b07df274c.jpg
TXT,Yeonjun,연준 (최연준),1999-09-13,1999,181,HYBE,2019-03-04,남,
TXT,Soobin,수빈 (최수빈),2000-12-05,2000,185,HYBE,2019-03-04,남,https://up.kpop.re/net/51/c4884cff1696adc59cdc4c82c2301bb344c858.jpg
TXT,Beomgyu,범규 (최범규),2001-03-13,2001,180,HYBE,2019-03-04,남,
TXT,Taehyun,태현 (강태현),2002-02-05,2002,177,HYBE,2019-03-04,남,
TXT,Huening Kai,휴닝카이 (Kai Kamal Huening),2002-08-14,2002,185,HYBE,2019-03-04,남,
Red Velvet,Irene,아이린 (배주현),1991-03-29,1991,160,SM Entertainment,2014-08-01,여,https://up.kpop.re/net/d7/e257251fbb072274aa0eab98aaebd23c667326.jpg
Red Velvet,Seulgi,슬기 (강슬기),1994-02-10,1994,163,SM Entertainment,2014-08-01,여,https://up.kpop.re/net/3d/9ff76bfefd32b7fc70fe1d0ed091db96fbb0be.jpg
Red Velvet,Wendy,웬디 (손승완),1994-02-21,1994,161,SM Entertainment,2014-08-01,여,https://up.kpop.re/net/25/f47b75d0db55c88c530dec1084b0f71c100125.jpg
Red Velvet,Joy,조이 (박수영),1996-09-03,1996,167,SM Entertainment,2014-08-01,여,https://up.kpop.re/net/fc/b78ee8b32de4ba36475b81764d4433011ab3ee.jpg
Red Velvet,Yeri,예리 (김예림),1999-03-05,1999,162,SM Entertainment,2014-08-01,여,https://up.kpop.re/net/f4/1f37ef782bc770c16c3fbefeef273b7938b6a4.jpg
NCT Dream,Mark,마크 (이민혁),1999-08-02,1999,174,SM Entertainment,2016-08-25,남,
NCT Dream,Renjun,런쥔 (황런쥔),2000-03-23,2000,174,SM Entertainment,2016-08-25,남,
NCT Dream,Jeno,재노 (이재노),2000-04-23,2000,178,SM Entertainment,2016-08-25,남,
NCT Dream,Haechan,해찬 (이동혁),2000-06-06,2000,174,SM Entertainment,2016-08-25,남,
NCT Dream,Jaemin,재민 (나재민),2000-08-13,2000,178,SM Entertainment,2016-08-25,남,
NCT Dream,Chenle,천러 (젤리 천러),2001-11-22,2001,175,SM Entertainment,2016-08-25,남,
NCT Dream,Jisung,지성 (박지성),2002-02-05,2002,181,SM Entertainment,2016-08-25,남,
CORTIS,Martin,마틴,2008-03-20,2008,190,BIGHIT MUSIC (HYBE),2025-08-18,남,
CORTIS,James,제임스,2005-10-14,2005,177,BIGHIT MUSIC (HYBE),2025-08-18,남,
CORTIS,Juhoon,주훈,2008-01-03,2008,175,BIGHIT MUSIC (HYBE),2025-08-18,남,
CORTIS,Seonghyeon,성현,2007-01-01,2007,178,BIGHIT MUSIC (HYBE),2025-08-18,남,
CORTIS,Keonho,건호,2009-02-14,2009,178,BIGHIT MUSIC (HYBE),2025-08-18,남,
